City ID,City,Lat,Lng,Max Temp,Current Description,Rain (inchies),Snow (inchies),Humidity,Cloudiness,Wind Speed,Country,Date
0,Saldanha,-33.0117,17.9442,50.05,clear sky,0.0,0.0,66,8,11.43,ZA,2021-07-24 19:51:57
1,Busselton,-33.65,115.3333,56.08,overcast clouds,0.0,0.0,73,97,15.86,AU,2021-07-24 19:44:39
2,Taoudenni,22.6783,-3.9836,104.61,clear sky,0.0,0.0,7,3,9.42,ML,2021-07-24 19:51:57
3,Hami,42.8,93.45,87.03,clear sky,0.0,0.0,36,0,6.04,CN,2021-07-24 19:51:58
4,Husavik,66.0449,-17.3389,64.31,broken clouds,0.0,0.0,89,56,8.19,IS,2021-07-24 19:44:33
5,Rikitea,-23.1203,-134.9692,69.21,clear sky,0.0,0.0,54,0,0.89,PF,2021-07-24 19:49:27
6,Saskylakh,71.9167,114.0833,57.42,overcast clouds,0.0,0.0,55,100,6.46,RU,2021-07-24 19:51:58
7,Hilo,19.7297,-155.09,81.63,light rain,0.19,0.19,79,75,0.0,US,2021-07-24 19:49:59
8,Beachwood,41.4645,-81.5087,83.52,few clouds,0.0,0.0,72,20,4.0,US,2021-07-24 19:51:59
9,Hithadhoo,-0.6,73.0833,81.99,light rain,0.32,0.32,78,28,11.86,MV,2021-07-24 19:49:29
10,Celestun,20.8667,-90.4,86.13,few clouds,0.0,0.0,68,17,14.05,MX,2021-07-24 19:51:59
11,La Ronge,55.1001,-105.2842,71.85,broken clouds,0.0,0.0,53,75,9.22,CA,2021-07-24 19:52:00
12,Barrow,71.2906,-156.7887,42.82,light rain,0.22,0.22,87,90,0.0,US,2021-07-24 19:49:30
13,Fortuna,40.5982,-124.1573,93.42,clear sky,0.0,0.0,74,1,14.97,US,2021-07-24 19:52:01
14,Bredasdorp,-34.5322,20.0403,45.72,few clouds,0.0,0.0,93,19,4.61,ZA,2021-07-24 19:49:23
15,Kapaa,22.0752,-159.319,82.38,light rain,0.76,0.76,80,75,5.99,US,2021-07-24 19:52:01
16,Tutoia,-2.7619,-42.2744,85.98,scattered clouds,0.0,0.0,71,27,11.21,BR,2021-07-24 19:52:01
17,Souillac,-20.5167,57.5167,70.18,scattered clouds,0.0,0.0,83,40,6.91,MU,2021-07-24 19:49:51
18,Kerema,-7.9631,145.7785,75.0,few clouds,0.0,0.0,89,14,2.55,PG,2021-07-24 19:52:02
19,Kurbnesh,41.7797,20.0836,65.03,clear sky,0.0,0.0,53,0,5.48,AL,2021-07-24 19:52:02
20,Vila Velha,-20.3297,-40.2925,76.96,scattered clouds,0.0,0.0,54,40,11.5,BR,2021-07-24 19:51:51
21,Kruisfontein,-34.0033,24.7314,45.88,clear sky,0.0,0.0,48,2,7.54,ZA,2021-07-24 19:47:51
22,Mahebourg,-20.4081,57.7,70.09,scattered clouds,0.0,0.0,83,40,6.91,MU,2021-07-24 19:52:03
23,Fairbanks,64.8378,-147.7164,61.3,broken clouds,0.0,0.0,89,75,1.99,US,2021-07-24 19:52:04
24,Punta Arenas,-53.15,-70.9167,42.91,broken clouds,0.0,0.0,70,75,14.97,CL,2021-07-24 19:49:27
25,Norman Wells,65.282,-126.8329,64.44,scattered clouds,0.0,0.0,39,40,14.97,CA,2021-07-24 19:52:04
26,Finspang,58.7058,15.7674,72.12,clear sky,0.0,0.0,61,8,4.54,SE,2021-07-24 19:52:05
27,Saint George,37.1041,-113.5841,96.35,clear sky,0.0,0.0,35,1,3.44,US,2021-07-24 19:51:01
28,Mataura,-46.1927,168.8643,41.49,overcast clouds,0.0,0.0,89,100,3.78,NZ,2021-07-24 19:49:30
29,Camacha,33.0833,-16.3333,70.56,scattered clouds,0.0,0.0,78,40,16.11,PT,2021-07-24 19:52:05
30,Candido De Abreu,-24.5669,-51.3333,70.77,clear sky,0.0,0.0,58,0,0.02,BR,2021-07-24 19:52:06
31,Lufilufi,-13.8745,-171.5986,76.78,light rain,0.9,0.9,80,11,18.45,WS,2021-07-24 19:52:06
32,Cape Town,-33.9258,18.4232,54.12,clear sky,0.0,0.0,76,0,1.14,ZA,2021-07-24 19:47:58
33,Linhares,-19.3911,-40.0722,71.8,clear sky,0.0,0.0,55,6,7.99,BR,2021-07-24 19:52:07
34,Albany,42.6001,-73.9662,83.57,broken clouds,0.0,0.0,43,74,3.0,US,2021-07-24 19:47:57
35,Khorinsk,52.1657,109.7726,55.49,clear sky,0.0,0.0,81,10,2.44,RU,2021-07-24 19:52:07
36,Ribeira Grande,38.5167,-28.7,73.8,broken clouds,0.0,0.0,94,75,11.5,PT,2021-07-24 19:49:22
37,Lompoc,34.6391,-120.4579,90.01,broken clouds,0.0,0.0,69,75,5.01,US,2021-07-24 19:49:31
38,Atuona,-9.8,-139.0333,78.64,scattered clouds,0.0,0.0,68,50,16.26,PF,2021-07-24 19:49:31
39,Lagoa,39.05,-27.9833,71.38,overcast clouds,0.0,0.0,90,85,15.12,PT,2021-07-24 19:52:08
40,Lavrentiya,65.5833,-171.0,45.52,light rain,0.56,0.56,98,100,10.94,RU,2021-07-24 19:52:09
41,Quelimane,-17.8786,36.8883,67.95,light rain,0.51,0.51,68,40,7.0,MZ,2021-07-24 19:52:09
42,Cidreira,-30.1811,-50.2056,63.59,clear sky,0.0,0.0,65,0,5.57,BR,2021-07-24 19:52:09
43,Bambous Virieux,-20.3428,57.7575,70.05,scattered clouds,0.0,0.0,83,40,6.91,MU,2021-07-24 19:52:10
44,Najran,17.4924,44.1277,86.65,broken clouds,0.0,0.0,37,80,7.61,SA,2021-07-24 19:52:11
45,Erdenet,49.0333,104.0833,54.46,overcast clouds,0.0,0.0,86,100,2.57,MN,2021-07-24 19:52:11
46,Tuatapere,-46.1333,167.6833,41.83,overcast clouds,0.0,0.0,81,100,7.23,NZ,2021-07-24 19:49:29
47,Gelibolu,40.4103,26.6708,74.17,clear sky,0.0,0.0,62,0,16.93,TR,2021-07-24 19:52:12
48,Ushuaia,-54.8,-68.3,38.86,broken clouds,0.0,0.0,81,75,1.14,AR,2021-07-24 19:49:52
49,Jamestown,42.097,-79.2353,80.19,light rain,0.71,0.71,69,40,10.0,US,2021-07-24 19:47:48
50,Leninskoye,41.7589,69.3864,89.53,clear sky,0.0,0.0,15,0,7.87,KZ,2021-07-24 19:52:12
51,Butaritari,3.0707,172.7902,83.68,overcast clouds,0.0,0.0,72,100,16.67,KI,2021-07-24 19:52:13
52,New Norfolk,-42.7826,147.0587,44.92,overcast clouds,0.0,0.0,68,91,3.0,AU,2021-07-24 19:52:13
53,Mehamn,71.0357,27.8492,44.47,overcast clouds,0.0,0.0,85,100,24.76,NO,2021-07-24 19:52:14
54,Luderitz,-26.6481,15.1594,64.58,few clouds,0.0,0.0,30,15,6.49,NA,2021-07-24 19:50:06
55,Puerto Ayora,-0.7393,-90.3518,78.76,few clouds,0.0,0.0,83,16,13.0,EC,2021-07-24 19:52:14
56,Narsaq,60.9167,-46.05,47.88,overcast clouds,0.0,0.0,84,89,4.76,GL,2021-07-24 19:52:14
57,Malanje,-9.5402,16.341,70.32,clear sky,0.0,0.0,23,0,3.78,AO,2021-07-24 19:52:15
58,Lesogorsk,56.0458,99.5136,58.95,scattered clouds,0.0,0.0,71,46,3.49,RU,2021-07-24 19:52:15
59,Scicli,36.7902,14.7014,83.12,clear sky,0.0,0.0,53,0,6.29,IT,2021-07-24 19:52:16
60,Magdalena,14.1999,121.429,80.24,overcast clouds,0.0,0.0,88,100,9.28,PH,2021-07-24 19:52:16
61,Port Alfred,-33.5906,26.891,54.99,clear sky,0.0,0.0,74,0,20.04,ZA,2021-07-24 19:49:21
62,Vaini,-21.2,-175.2,71.76,fog,0.0,0.0,94,20,2.3,TO,2021-07-24 19:49:24
63,Chokurdakh,70.6333,147.9167,41.5,broken clouds,0.0,0.0,75,59,15.55,RU,2021-07-24 19:52:17
64,Ancud,-41.8697,-73.8203,45.93,overcast clouds,0.0,0.0,69,100,4.45,CL,2021-07-24 19:52:17
65,Belaya Gora,68.5333,146.4167,48.81,overcast clouds,0.0,0.0,64,93,15.64,RU,2021-07-24 19:52:17
66,Beruwala,6.4788,79.9828,78.42,moderate rain,1.15,1.15,88,57,5.84,LK,2021-07-24 19:52:18
67,Sainthia,23.95,87.6667,79.79,scattered clouds,0.0,0.0,93,41,5.03,IN,2021-07-24 19:52:18
68,Tiradentes,-21.1103,-44.1781,72.01,clear sky,0.0,0.0,34,0,6.69,BR,2021-07-24 19:52:19
69,Gizo,-8.103,156.8419,80.94,moderate rain,1.26,1.26,78,44,4.61,SB,2021-07-24 19:52:19
70,Ponta Delgada,37.7333,-25.6667,72.32,few clouds,0.0,0.0,88,20,4.61,PT,2021-07-24 19:49:32
71,Beringovskiy,63.05,179.3167,52.34,overcast clouds,0.0,0.0,88,100,8.57,RU,2021-07-24 19:52:20
72,Codrington,-38.2667,141.9667,45.03,light rain,0.1,0.1,68,88,22.97,AU,2021-07-24 19:52:20
73,Hamilton,39.1834,-84.5333,90.21,scattered clouds,0.0,0.0,58,40,1.01,US,2021-07-24 19:48:38
74,Bluff,-46.6,168.3333,41.81,light rain,0.11,0.11,72,100,11.79,NZ,2021-07-24 19:49:26
75,San Quintin,30.4833,-115.95,74.32,overcast clouds,0.0,0.0,69,87,12.86,MX,2021-07-24 19:52:21
76,Port Elizabeth,-33.918,25.5701,55.69,scattered clouds,0.0,0.0,76,40,10.36,ZA,2021-07-24 19:50:11
77,Mar Del Plata,-38.0023,-57.5575,52.0,clear sky,0.0,0.0,55,0,11.99,AR,2021-07-24 19:49:54
78,Iqaluit,63.7506,-68.5145,42.53,light rain,0.0,0.0,87,90,10.36,CA,2021-07-24 19:49:05
79,Glendive,47.1053,-104.7125,90.52,clear sky,0.0,0.0,15,1,8.05,US,2021-07-24 19:52:22
80,General Roca,-39.0333,-67.5833,55.8,overcast clouds,0.0,0.0,28,92,6.82,AR,2021-07-24 19:52:22
81,Thompson,55.7435,-97.8558,71.76,broken clouds,0.0,0.0,56,75,12.66,CA,2021-07-24 19:52:22
82,Hermanus,-34.4187,19.2345,53.91,few clouds,0.0,0.0,57,14,4.81,ZA,2021-07-24 19:44:51
83,Necochea,-38.5473,-58.7368,50.04,overcast clouds,0.0,0.0,61,95,16.28,AR,2021-07-24 19:52:23
84,Bratsk,56.1325,101.6142,64.89,overcast clouds,0.0,0.0,75,85,2.98,RU,2021-07-24 19:52:23
85,Cherskiy,68.75,161.3,46.78,overcast clouds,0.0,0.0,71,92,3.42,RU,2021-07-24 19:45:02
86,Avarua,-21.2078,-159.775,77.05,scattered clouds,0.0,0.0,69,32,9.22,CK,2021-07-24 19:44:55
87,Lorengau,-2.0226,147.2712,80.6,broken clouds,0.0,0.0,76,67,6.67,PG,2021-07-24 19:50:08
88,Eureka,40.8021,-124.1637,64.26,scattered clouds,0.0,0.0,72,30,3.0,US,2021-07-24 19:52:24
89,Imbituba,-28.24,-48.6703,75.09,clear sky,0.0,0.0,73,0,9.62,BR,2021-07-24 19:49:30
90,Zheleznodorozhnyy,55.7503,38.0042,63.36,broken clouds,0.0,0.0,56,78,3.11,RU,2021-07-24 19:52:25
91,Henties Bay,-22.116,14.2845,64.89,clear sky,0.0,0.0,35,0,9.53,NA,2021-07-24 19:52:25
92,Namibe,-15.1961,12.1522,65.75,clear sky,0.0,0.0,87,0,4.03,AO,2021-07-24 19:52:26
93,Balakhta,55.38,91.6,61.5,overcast clouds,0.0,0.0,82,100,3.49,RU,2021-07-24 19:52:26
94,Tuktoyaktuk,69.4541,-133.0374,60.8,broken clouds,0.0,0.0,55,75,16.11,CA,2021-07-24 19:50:09
95,Hobart,-42.8794,147.3294,46.26,scattered clouds,0.0,0.0,66,40,3.0,AU,2021-07-24 19:46:07
96,Mackenzie,55.2999,-123.1698,64.62,broken clouds,0.0,0.0,59,75,6.91,CA,2021-07-24 19:52:27
97,Yellowknife,62.456,-114.3525,55.33,broken clouds,0.0,0.0,54,75,5.01,CA,2021-07-24 19:49:03
98,Talavera,15.6167,120.9333,76.57,overcast clouds,0.0,0.0,95,100,2.71,PH,2021-07-24 19:52:28
99,Nova Prata,-28.7839,-51.61,68.25,clear sky,0.0,0.0,51,0,2.75,BR,2021-07-24 19:52:28
100,Flin Flon,54.7682,-101.865,71.44,smoke,0.0,0.0,56,75,8.05,CA,2021-07-24 19:52:28
101,Staryy Nadym,65.6118,72.6842,55.26,overcast clouds,0.0,0.0,92,91,8.1,RU,2021-07-24 19:52:29
102,Evanston,42.0411,-87.6901,93.58,broken clouds,0.0,0.0,58,83,3.0,US,2021-07-24 19:52:29
103,Fochville,-26.4886,27.4939,43.47,clear sky,0.0,0.0,29,0,3.76,ZA,2021-07-24 19:52:29
104,Asau,46.4333,26.4,63.39,clear sky,0.0,0.0,81,10,3.0,RO,2021-07-24 19:52:30
105,Nouadhibou,20.931,-17.0347,71.58,clear sky,0.0,0.0,88,2,14.97,MR,2021-07-24 19:52:30
106,Ordu,40.9086,37.6845,54.88,clear sky,0.0,0.0,89,9,5.57,TR,2021-07-24 19:52:31
107,Goba,7.0167,39.9833,50.5,overcast clouds,0.0,0.0,92,100,3.49,ET,2021-07-24 19:52:31
108,Georgetown,5.4112,100.3354,83.89,few clouds,0.0,0.0,90,20,1.99,MY,2021-07-24 19:52:31
109,Acarau,-2.8856,-40.12,81.86,scattered clouds,0.0,0.0,64,40,17.29,BR,2021-07-24 19:52:32
110,Istra,55.9178,36.8642,63.09,broken clouds,0.0,0.0,66,53,2.21,RU,2021-07-24 19:52:32
111,Mount Gambier,-37.8333,140.7667,40.91,overcast clouds,0.0,0.0,81,100,11.5,AU,2021-07-24 19:52:33
112,Victoria,22.2855,114.1577,82.38,light rain,0.37,0.37,95,97,1.01,HK,2021-07-24 19:48:46
113,Arnoldstein,46.5461,13.71,70.38,overcast clouds,0.0,0.0,97,100,5.21,AT,2021-07-24 19:52:33
114,Alofi,-19.0595,-169.9187,73.29,clear sky,0.0,0.0,100,5,1.14,NU,2021-07-24 19:52:34
115,Katsuura,35.1333,140.3,79.11,clear sky,0.0,0.0,85,5,8.41,JP,2021-07-24 19:52:34
116,Longyearbyen,78.2186,15.6401,44.44,broken clouds,0.0,0.0,81,75,12.66,SJ,2021-07-24 19:52:34
117,Freeport,40.6576,-73.5832,86.97,clear sky,0.0,0.0,55,1,7.0,US,2021-07-24 19:51:12
118,Smithers,54.7804,-127.1743,61.12,light rain,0.11,0.11,77,75,2.3,CA,2021-07-24 19:52:35
119,Hasaki,35.7333,140.8333,75.6,clear sky,0.0,0.0,84,0,7.56,JP,2021-07-24 19:49:33
120,Caravelas,-17.7125,-39.2481,72.81,broken clouds,0.0,0.0,62,71,10.0,BR,2021-07-24 19:48:16
121,Ahuimanu,21.4447,-157.8378,83.91,light rain,0.15,0.15,73,75,12.66,US,2021-07-24 19:52:36
122,Vestmannaeyjar,63.4427,-20.2734,51.6,broken clouds,0.0,0.0,84,59,11.79,IS,2021-07-24 19:52:36
123,High Level,58.5169,-117.136,64.51,light rain,0.53,0.53,77,75,6.91,CA,2021-07-24 19:52:36
124,Arraial Do Cabo,-22.9661,-42.0278,75.16,clear sky,0.0,0.0,60,0,23.02,BR,2021-07-24 19:49:20
125,Iquitos,-3.7481,-73.2472,86.04,broken clouds,0.0,0.0,66,75,2.3,PE,2021-07-24 19:52:37
126,Clyde River,70.4692,-68.5914,34.03,overcast clouds,0.0,0.0,93,90,13.8,CA,2021-07-24 19:52:38
127,Byron Bay,-28.65,153.6167,58.71,clear sky,0.0,0.0,53,0,10.11,AU,2021-07-24 19:52:38
128,Srednekolymsk,67.45,153.6833,49.46,overcast clouds,0.0,0.0,65,99,14.88,RU,2021-07-24 19:52:38
129,Benghazi,32.1167,20.0667,79.66,clear sky,0.0,0.0,73,0,14.58,LY,2021-07-24 19:52:39
130,Tessalit,20.1986,1.0114,94.69,broken clouds,0.0,0.0,34,62,15.86,ML,2021-07-24 19:52:39
131,Lazaro Cardenas,17.9583,-102.2,85.41,broken clouds,0.0,0.0,73,66,9.17,MX,2021-07-24 19:48:43
132,Laguna,38.421,-121.4238,103.44,clear sky,0.0,0.0,39,1,5.75,US,2021-07-24 19:52:40
133,Opuwo,-18.0607,13.84,59.59,clear sky,0.0,0.0,14,0,7.94,NA,2021-07-24 19:52:40
134,Torbay,47.6666,-52.7314,69.89,broken clouds,0.0,0.0,72,75,12.66,CA,2021-07-24 19:52:40
135,Nikolskoye,59.7035,30.7861,58.89,scattered clouds,0.0,0.0,67,31,3.42,RU,2021-07-24 19:52:41
136,Bengkulu,-3.8004,102.2655,75.06,clear sky,0.0,0.0,88,9,4.21,ID,2021-07-24 19:47:24
137,Touros,-5.1989,-35.4608,83.3,clear sky,0.0,0.0,62,10,19.01,BR,2021-07-24 19:49:26
138,Bethel,41.3712,-73.414,85.35,few clouds,0.0,0.0,51,20,1.01,US,2021-07-24 19:52:42
139,Kalmunai,7.4167,81.8167,81.39,overcast clouds,0.0,0.0,70,100,6.26,LK,2021-07-24 19:52:42
140,Suez,29.9737,32.5263,79.45,clear sky,0.0,0.0,71,0,10.56,EG,2021-07-24 19:52:42
141,Provideniya,64.3833,-173.3,47.01,light rain,0.93,0.93,98,100,12.17,RU,2021-07-24 19:52:43
142,Ponta Do Sol,32.6667,-17.1,75.7,clear sky,0.0,0.0,78,0,5.14,PT,2021-07-24 19:52:43
143,Atar,20.5169,-13.0499,99.86,broken clouds,0.0,0.0,17,75,9.53,MR,2021-07-24 19:52:44
144,Chuy,-33.6971,-53.4616,59.16,overcast clouds,0.0,0.0,81,95,5.84,UY,2021-07-24 19:49:25
145,Inhambane,-23.865,35.3833,60.78,scattered clouds,0.0,0.0,87,40,8.99,MZ,2021-07-24 19:52:44
146,Sangar,63.9242,127.4739,57.18,clear sky,0.0,0.0,73,0,6.8,RU,2021-07-24 19:52:44
147,Paamiut,61.994,-49.6678,41.92,overcast clouds,0.0,0.0,96,92,9.57,GL,2021-07-24 19:52:45
148,Kawalu,-7.3817,108.2082,70.86,broken clouds,0.0,0.0,92,84,1.45,ID,2021-07-24 19:52:45
149,Bud,39.447,-86.1758,88.84,broken clouds,0.0,0.0,68,68,10.67,US,2021-07-24 19:52:46
150,Faanui,-16.4833,-151.75,76.19,light rain,0.68,0.68,79,30,13.65,PF,2021-07-24 19:52:46
151,Lakes Entrance,-37.8811,147.981,44.19,broken clouds,0.0,0.0,72,58,15.79,AU,2021-07-24 19:52:46
152,Vadastrita,43.85,24.3333,75.43,clear sky,0.0,0.0,55,2,6.89,RO,2021-07-24 19:52:47
153,Mount Isa,-20.7333,139.5,55.17,broken clouds,0.0,0.0,41,56,4.61,AU,2021-07-24 19:52:47
154,Dikson,73.5069,80.5464,37.96,overcast clouds,0.0,0.0,95,100,24.09,RU,2021-07-24 19:52:48
155,Saint-Philippe,-21.3585,55.7679,67.59,broken clouds,0.0,0.0,76,65,5.28,RE,2021-07-24 19:52:48
156,Makinsk,52.6292,70.4169,66.09,overcast clouds,0.0,0.0,39,99,8.77,KZ,2021-07-24 19:52:48
157,Vila Franca Do Campo,37.7167,-25.4333,72.01,few clouds,0.0,0.0,81,11,8.05,PT,2021-07-24 19:52:49
158,Dire,12.2833,-10.9667,76.96,moderate rain,1.28,1.28,86,100,4.34,ML,2021-07-24 19:52:49
159,Cheremukhovo,60.3484,59.9851,47.3,overcast clouds,0.0,0.0,88,97,3.89,RU,2021-07-24 19:52:49
160,Lianran,24.9227,102.485,61.34,light rain,0.27,0.27,98,100,4.21,CN,2021-07-24 19:52:50
161,Doha,25.2867,51.5333,95.31,clear sky,0.0,0.0,63,0,11.5,QA,2021-07-24 19:52:50
162,Yulara,-25.2406,130.9889,42.64,broken clouds,0.0,0.0,65,52,3.44,AU,2021-07-24 19:52:51
163,Kamenka,51.3223,42.7678,64.63,overcast clouds,0.0,0.0,56,95,6.26,RU,2021-07-24 19:52:51
164,Faya,18.3851,42.4509,69.91,broken clouds,0.0,0.0,67,62,3.13,SA,2021-07-24 19:52:51
165,Uarini,-2.99,-65.1083,89.55,broken clouds,0.0,0.0,64,59,3.06,BR,2021-07-24 19:52:52
166,Constantine,36.365,6.6147,96.21,scattered clouds,0.0,0.0,15,40,12.66,DZ,2021-07-24 19:48:01
167,Neiafu,-18.65,-173.9833,77.68,light rain,0.21,0.21,88,40,4.61,TO,2021-07-24 19:52:52
168,Cabo San Lucas,22.8909,-109.9124,97.81,few clouds,0.0,0.0,61,12,7.0,MX,2021-07-24 19:45:51
169,Kabwe,-14.4469,28.4464,53.55,scattered clouds,0.0,0.0,75,38,7.11,ZM,2021-07-24 19:52:53
170,Port Lincoln,-34.7333,135.8667,53.56,overcast clouds,0.0,0.0,69,100,17.6,AU,2021-07-24 19:52:53
171,Nyurba,63.2842,118.3319,54.91,clear sky,0.0,0.0,84,7,4.7,RU,2021-07-24 19:48:31
172,Khash,28.2211,61.2158,84.29,clear sky,0.0,0.0,29,10,9.33,IR,2021-07-24 19:52:54
173,Jelenia Gora,50.8997,15.729,69.85,clear sky,0.0,0.0,66,10,4.94,PL,2021-07-24 19:52:54
174,Nuuk,64.1835,-51.7216,40.82,overcast clouds,0.0,0.0,77,96,5.64,GL,2021-07-24 19:52:55
175,Gao,16.6362,1.637,81.03,overcast clouds,0.0,0.0,65,86,5.28,ML,2021-07-24 19:52:55
176,Male,4.1748,73.5089,82.35,broken clouds,0.0,0.0,78,75,5.75,MV,2021-07-24 19:52:55
177,Wanning,18.8003,110.3967,79.16,scattered clouds,0.0,0.0,86,44,8.08,CN,2021-07-24 19:52:56
178,Pangnirtung,66.1451,-65.7125,51.8,overcast clouds,0.0,0.0,62,90,21.85,CA,2021-07-24 19:52:56
179,Kloulklubed,7.0419,134.2556,83.1,light rain,0.86,0.86,80,100,13.11,PW,2021-07-24 19:52:57
180,Te Anau,-45.4167,167.7167,38.43,light rain,0.62,0.62,90,100,2.68,NZ,2021-07-24 19:52:57
181,Guarapari,-20.6667,-40.4975,76.91,clear sky,0.0,0.0,63,0,10.58,BR,2021-07-24 19:52:57
182,Constitucion,-35.3333,-72.4167,52.34,overcast clouds,0.0,0.0,87,100,12.5,CL,2021-07-24 19:52:58
183,Talnakh,69.4865,88.3972,48.69,moderate rain,1.32,1.32,87,100,0.2,RU,2021-07-24 19:52:58
184,Esperance,-33.8667,121.9,48.04,clear sky,0.0,0.0,80,1,17.9,AU,2021-07-24 19:52:58
185,Haines Junction,60.7522,-137.5108,60.75,broken clouds,0.0,0.0,51,74,4.61,CA,2021-07-24 19:52:59
186,Ibra,22.6906,58.5334,88.43,broken clouds,0.0,0.0,52,73,8.25,OM,2021-07-24 19:52:59
187,Port Blair,11.6667,92.75,82.06,light rain,0.75,0.75,84,100,20.13,IN,2021-07-24 19:53:00
188,Wajima,37.4,136.9,77.92,clear sky,0.0,0.0,83,0,3.04,JP,2021-07-24 19:53:00
189,Kismayo,-0.3582,42.5454,76.23,broken clouds,0.0,0.0,77,54,22.26,SO,2021-07-24 19:53:00
190,Fountain Hills,33.6117,-111.7174,83.52,overcast clouds,0.0,0.0,81,90,5.01,US,2021-07-24 19:50:19
191,Tatarskaya Pishlya,54.0608,44.8998,58.89,broken clouds,0.0,0.0,72,68,4.97,RU,2021-07-24 19:53:01
192,Natal,-5.795,-35.2094,83.05,few clouds,0.0,0.0,61,20,19.57,BR,2021-07-24 19:53:01
193,Kaeo,-35.1,173.7833,56.32,overcast clouds,0.0,0.0,86,99,11.39,NZ,2021-07-24 19:53:02
194,Shwebo,22.5667,95.7,79.7,scattered clouds,0.0,0.0,80,50,10.92,MM,2021-07-24 19:53:02
195,Chardara,41.2547,67.9692,84.07,clear sky,0.0,0.0,24,0,11.72,KZ,2021-07-24 19:53:03
196,Oistins,13.0667,-59.5333,86.09,few clouds,0.0,0.0,70,20,14.97,BB,2021-07-24 19:53:03
197,Sioux Lookout,50.1001,-91.917,80.98,smoke,0.0,0.0,44,75,19.57,CA,2021-07-24 19:53:03
198,Dwarka,22.2394,68.9678,82.47,overcast clouds,0.0,0.0,85,99,19.48,IN,2021-07-24 19:53:04
199,Ruti,-0.6336,30.6212,71.55,overcast clouds,0.0,0.0,43,100,1.05,UG,2021-07-24 19:53:04
200,Severo-Kurilsk,50.6789,156.125,55.36,scattered clouds,0.0,0.0,96,48,1.43,RU,2021-07-24 19:53:04
201,Castro,-24.7911,-50.0119,65.17,clear sky,0.0,0.0,59,0,3.62,BR,2021-07-24 19:49:56
202,Batticaloa,7.7102,81.6924,82.15,overcast clouds,0.0,0.0,67,100,3.36,LK,2021-07-24 19:53:05
203,Paungde,18.4833,95.5,76.5,overcast clouds,0.0,0.0,96,86,4.76,MM,2021-07-24 19:53:06
204,Salalah,17.0151,54.0924,77.43,overcast clouds,0.0,0.0,94,94,7.85,OM,2021-07-24 19:53:06
205,Waipawa,-41.4122,175.5153,46.92,clear sky,0.0,0.0,88,3,7.7,NZ,2021-07-24 19:53:06
206,Nowa Ruda,50.5801,16.5016,70.45,clear sky,0.0,0.0,65,0,3.53,PL,2021-07-24 19:53:07
207,Zhezkazgan,47.8043,67.7144,84.74,clear sky,0.0,0.0,21,9,0.96,KZ,2021-07-24 19:53:07
208,Sobolevo,54.4299,31.8996,56.95,clear sky,0.0,0.0,75,3,1.9,RU,2021-07-24 19:53:07
209,Posadas,-27.3671,-55.8961,84.18,clear sky,0.0,0.0,37,0,9.22,AR,2021-07-24 19:53:08
210,Bridlington,54.0831,-0.1919,61.9,overcast clouds,0.0,0.0,86,100,9.33,GB,2021-07-24 19:53:08
211,East London,-33.0153,27.9116,55.81,clear sky,0.0,0.0,71,0,15.12,ZA,2021-07-24 19:48:13
212,Komsomolskiy,40.4272,71.7189,81.32,clear sky,0.0,0.0,41,0,9.22,UZ,2021-07-24 19:48:40
213,Santiago Del Estero,-27.7951,-64.2615,78.8,overcast clouds,0.0,0.0,26,94,3.78,AR,2021-07-24 19:48:46
214,Ngunguru,-35.6167,174.5,56.16,broken clouds,0.0,0.0,79,60,16.08,NZ,2021-07-24 19:53:09
215,Chapayevka,47.4711,36.3451,69.6,scattered clouds,0.0,0.0,53,40,2.08,UA,2021-07-24 19:53:10
216,Pakhtakoron,40.1571,68.7466,85.64,clear sky,0.0,0.0,18,0,5.41,TJ,2021-07-24 19:53:10
217,Grindavik,63.8424,-22.4338,51.75,scattered clouds,0.0,0.0,87,40,17.27,IS,2021-07-24 19:53:11
218,Kurumkan,54.3,110.3,57.6,clear sky,0.0,0.0,79,5,2.13,RU,2021-07-24 19:53:11
219,Klaksvik,62.2266,-6.589,50.92,broken clouds,0.0,0.0,93,84,16.91,FO,2021-07-24 19:53:11
220,Rio Bravo,25.9833,-98.1,96.08,clear sky,0.0,0.0,36,0,16.46,MX,2021-07-24 19:53:12
221,Kentau,43.5206,68.5094,86.81,clear sky,0.0,0.0,19,0,11.34,KZ,2021-07-24 19:53:12
222,Vila,42.0304,-8.1588,60.75,few clouds,0.0,0.0,77,15,2.95,PT,2021-07-24 19:53:13
223,Maningrida,-12.0667,134.2667,68.4,broken clouds,0.0,0.0,94,71,2.57,AU,2021-07-24 19:53:13
224,Batemans Bay,-35.7167,150.1833,46.2,scattered clouds,0.0,0.0,55,44,12.26,AU,2021-07-24 19:53:13
225,Sisophon,13.5859,102.9737,74.52,light rain,0.24,0.24,93,100,6.69,KH,2021-07-24 19:53:14
226,Hambantota,6.1241,81.1185,79.2,overcast clouds,0.0,0.0,83,86,14.03,LK,2021-07-24 19:53:14
227,Salamiyah,35.0113,37.0532,76.95,scattered clouds,0.0,0.0,68,35,10.76,SY,2021-07-24 19:53:14
228,Qaanaaq,77.484,-69.3632,41.63,overcast clouds,0.0,0.0,67,100,1.03,GL,2021-07-24 19:49:57
229,Rognan,67.0953,15.3878,54.88,light rain,0.2,0.2,96,100,2.46,NO,2021-07-24 19:53:15
230,Buin,-33.7333,-70.75,50.7,overcast clouds,0.0,0.0,72,100,4.68,CL,2021-07-24 19:53:15
231,Tongzi,28.7829,105.0877,74.53,light rain,0.19,0.19,95,15,1.19,CN,2021-07-24 19:53:16
232,Cruzeiro Do Sul,-29.5128,-51.9853,80.49,clear sky,0.0,0.0,59,0,1.66,BR,2021-07-24 19:53:16
233,Nsunga,-1.1439,31.3947,65.64,scattered clouds,0.0,0.0,55,49,2.13,TZ,2021-07-24 19:53:17
234,Mbanza-Ngungu,-5.25,14.8667,74.23,clear sky,0.0,0.0,42,0,3.67,CD,2021-07-24 19:53:17
235,Nandyal,15.4833,78.4833,79.25,broken clouds,0.0,0.0,78,76,11.79,IN,2021-07-24 19:53:17
236,Uren,57.4552,45.7852,47.39,few clouds,0.0,0.0,63,17,1.32,RU,2021-07-24 19:53:18
237,Jinchang,38.4953,102.1739,74.52,overcast clouds,0.0,0.0,54,100,10.89,CN,2021-07-24 19:53:18
238,Pangody,65.85,74.4859,54.28,overcast clouds,0.0,0.0,94,100,5.97,RU,2021-07-24 19:53:18
239,Ishigaki,24.3448,124.1572,84.15,overcast clouds,0.0,0.0,85,100,27.74,JP,2021-07-24 19:53:19
240,Hualmay,-11.0964,-77.6139,66.61,few clouds,0.0,0.0,74,20,9.24,PE,2021-07-24 19:53:19
241,Manuk Mangkaw,4.8,119.85,84.2,broken clouds,0.0,0.0,78,79,16.91,PH,2021-07-24 19:53:20
242,Kahului,20.8947,-156.47,83.46,scattered clouds,0.0,0.0,85,40,20.71,US,2021-07-24 19:48:50
243,Esna,25.2934,32.554,91.42,clear sky,0.0,0.0,22,0,11.27,EG,2021-07-24 19:53:20
244,Ilhabela,-23.7781,-45.3581,67.37,clear sky,0.0,0.0,74,0,2.26,BR,2021-07-24 19:48:26
245,Wabash,40.7978,-85.8205,88.21,overcast clouds,0.0,0.0,86,100,13.78,US,2021-07-24 19:53:21
246,Cumberland,35.0502,-78.8664,90.16,few clouds,0.0,0.0,54,20,5.01,US,2021-07-24 19:53:21
247,Aloleng,16.1307,119.7824,82.18,heavy intensity rain,15.38,15.38,82,100,20.31,PH,2021-07-24 19:53:22
248,Dingle,10.9995,122.6711,78.12,overcast clouds,0.0,0.0,86,96,11.99,PH,2021-07-24 19:53:22
249,Chalus,36.655,51.4204,80.06,overcast clouds,0.0,0.0,74,90,2.3,IR,2021-07-24 19:53:23
250,Pevek,69.7008,170.3133,36.68,overcast clouds,0.0,0.0,92,100,10.94,RU,2021-07-24 19:53:23
251,Manokwari,-0.8667,134.0833,78.26,overcast clouds,0.0,0.0,73,100,3.62,ID,2021-07-24 19:53:24
252,Coquimbo,-29.9533,-71.3436,56.93,broken clouds,0.0,0.0,76,75,8.05,CL,2021-07-24 19:53:24
253,Tasiilaq,65.6145,-37.6368,37.98,light rain,0.56,0.56,98,100,5.08,GL,2021-07-24 19:53:24
254,Salina,38.8403,-97.6114,99.95,clear sky,0.0,0.0,22,9,8.86,US,2021-07-24 19:53:25
255,Daru,-9.0763,143.2092,77.18,overcast clouds,0.0,0.0,89,100,12.77,PG,2021-07-24 19:53:25
256,Ilulissat,69.2167,-51.1,39.02,broken clouds,0.0,0.0,90,84,7.52,GL,2021-07-24 19:53:25
257,Klyuchi,52.2667,79.1667,68.54,clear sky,0.0,0.0,72,5,5.48,RU,2021-07-24 19:53:26
258,Yar-Sale,66.8333,70.8333,50.31,clear sky,0.0,0.0,82,0,9.1,RU,2021-07-24 19:53:26
259,Cabedelo,-6.9811,-34.8339,81.27,clear sky,0.0,0.0,75,2,16.42,BR,2021-07-24 19:48:37
260,Agadir,30.4202,-9.5982,79.25,broken clouds,0.0,0.0,64,79,5.28,MA,2021-07-24 19:53:27
261,Carlyle,38.6103,-89.3726,95.18,few clouds,0.0,0.0,58,16,6.15,US,2021-07-24 19:53:27
262,Airai,-8.9266,125.4092,55.35,clear sky,0.0,0.0,40,6,2.93,TL,2021-07-24 19:53:28
263,Lebu,-37.6167,-73.65,52.75,overcast clouds,0.0,0.0,74,98,14.67,CL,2021-07-24 19:53:28
264,Malibu,34.005,-118.8101,94.51,overcast clouds,0.0,0.0,72,85,3.0,US,2021-07-24 19:51:01
265,Hofn,64.2539,-15.2082,52.54,overcast clouds,0.0,0.0,99,100,17.43,IS,2021-07-24 19:53:29
266,Port Moresby,-9.4431,147.1797,76.42,broken clouds,0.0,0.0,94,75,3.44,PG,2021-07-24 19:52:14
267,Asosa,10.0667,34.5333,58.66,overcast clouds,0.0,0.0,96,100,1.92,ET,2021-07-24 19:53:29
268,Khatanga,71.9667,102.5,56.7,scattered clouds,0.0,0.0,81,49,11.36,RU,2021-07-24 19:53:30
269,Sistranda,63.7256,8.834,59.9,overcast clouds,0.0,0.0,87,100,6.46,NO,2021-07-24 19:53:30
270,Sao Filipe,14.8961,-24.4956,74.73,broken clouds,0.0,0.0,74,76,8.9,CV,2021-07-24 19:53:30
271,Norfolk,42.1668,-71.2495,84.61,clear sky,0.0,0.0,48,0,6.33,US,2021-07-24 19:53:31
272,Sinegorye,62.0788,150.477,63.36,overcast clouds,0.0,0.0,76,100,5.48,RU,2021-07-24 19:53:32
273,Naze,28.3667,129.4833,77.32,overcast clouds,0.0,0.0,92,100,22.24,JP,2021-07-24 19:53:33
274,Tiksi,71.6872,128.8694,40.42,scattered clouds,0.0,0.0,85,31,5.75,RU,2021-07-24 19:53:33
275,Jackson,42.4165,-122.8345,90.91,clear sky,0.0,0.0,26,1,0.0,US,2021-07-24 19:51:50
276,Vanimo,-2.6741,141.3028,74.61,moderate rain,3.16,3.16,92,100,3.71,PG,2021-07-24 19:53:34
277,Uglegorsk,49.0833,142.0333,67.55,overcast clouds,0.0,0.0,98,97,7.54,RU,2021-07-24 19:53:34
278,Brownsville,25.9018,-97.4975,93.88,few clouds,0.0,0.0,53,20,5.01,US,2021-07-24 19:50:00
279,Sitka,57.0531,-135.33,55.29,light rain,0.48,0.48,88,90,16.11,US,2021-07-24 19:48:38
280,Grootfontein,-19.5667,18.1167,42.37,clear sky,0.0,0.0,36,0,0.0,NA,2021-07-24 19:53:35
281,Mosquera,4.7059,-74.2302,57.29,heavy intensity rain,0.18,0.18,94,75,12.66,CO,2021-07-24 19:53:35
282,Kyshtovka,56.555,76.6271,66.38,few clouds,0.0,0.0,87,15,5.77,RU,2021-07-24 19:53:36
283,Marfino,55.7028,37.3822,63.09,clear sky,0.0,0.0,63,0,6.71,RU,2021-07-24 19:53:36
284,Sulangan,11.1373,123.7228,83.41,scattered clouds,0.0,0.0,72,42,17.27,PH,2021-07-24 19:53:37
285,Pisco,-13.7,-76.2167,66.25,clear sky,0.0,0.0,68,0,10.36,PE,2021-07-24 19:53:37
286,Kushima,31.4583,131.2333,78.12,overcast clouds,0.0,0.0,92,100,11.34,JP,2021-07-24 19:53:37
287,Ayan,56.45,138.1667,57.2,overcast clouds,0.0,0.0,96,100,8.32,RU,2021-07-24 19:53:38
288,Inta,66.0317,60.1659,48.29,overcast clouds,0.0,0.0,91,100,9.78,RU,2021-07-24 19:53:38
289,Saint-Augustin,51.226,-58.6502,58.69,clear sky,0.0,0.0,66,8,9.19,CA,2021-07-24 19:53:39
290,Upernavik,72.7868,-56.1549,39.83,overcast clouds,0.0,0.0,85,100,5.5,GL,2021-07-24 19:53:39
291,Aswan,24.0934,32.907,96.1,clear sky,0.0,0.0,17,0,11.5,EG,2021-07-24 19:50:14
292,Mandera,3.9366,41.867,80.94,overcast clouds,0.0,0.0,44,99,22.03,KE,2021-07-24 19:53:40
293,Kodiak,57.79,-152.4072,54.91,overcast clouds,0.0,0.0,88,90,8.05,US,2021-07-24 19:53:40
294,Raga,8.4596,25.678,75.72,overcast clouds,0.0,0.0,73,100,6.87,SS,2021-07-24 19:53:40
295,La Asuncion,11.0333,-63.8628,87.53,overcast clouds,0.0,0.0,62,98,13.8,VE,2021-07-24 19:53:41
296,Armeria,18.9333,-103.9667,89.2,scattered clouds,0.0,0.0,61,47,7.52,MX,2021-07-24 19:53:41
297,Karratha,-20.7377,116.8463,69.71,overcast clouds,0.0,0.0,48,100,6.73,AU,2021-07-24 19:53:42
298,Ahipara,-35.1667,173.1667,55.76,overcast clouds,0.0,0.0,81,100,11.12,NZ,2021-07-24 19:49:32
299,Guerrero Negro,27.9769,-114.0611,78.67,overcast clouds,0.0,0.0,59,100,12.5,MX,2021-07-24 19:53:42
300,Ardahan,41.1087,42.7022,53.65,few clouds,0.0,0.0,97,13,3.83,TR,2021-07-24 19:53:43
301,Mundargi,15.2167,75.9,72.39,scattered clouds,0.0,0.0,90,44,15.93,IN,2021-07-24 19:53:43
302,Camacupa,-12.0167,17.4833,61.03,clear sky,0.0,0.0,28,0,2.59,AO,2021-07-24 19:53:43
303,Ndele,8.4109,20.6473,70.65,overcast clouds,0.0,0.0,95,88,2.77,CF,2021-07-24 19:53:44
304,Agua Verde,22.9,-106.05,88.12,overcast clouds,0.0,0.0,72,100,6.4,MX,2021-07-24 19:53:44
305,Cockburn Town,21.4612,-71.1419,85.96,scattered clouds,0.0,0.0,66,40,11.5,TC,2021-07-24 19:49:26
306,Noumea,-22.2763,166.4572,69.01,clear sky,0.0,0.0,99,1,4.56,NC,2021-07-24 19:51:47
307,Ketchikan,55.3422,-131.6461,60.57,light rain,0.22,0.22,74,87,8.66,US,2021-07-24 19:53:45
308,Sinnamary,5.3833,-52.95,80.8,moderate rain,2.05,2.05,83,100,11.18,GF,2021-07-24 19:53:45
309,Vagur,61.4732,-6.8119,51.01,overcast clouds,0.0,0.0,93,100,11.07,FO,2021-07-24 19:53:46
310,Kampot,10.6167,104.1833,77.05,light rain,0.23,0.23,86,100,8.77,KH,2021-07-24 19:53:46
311,Roma,43.2128,-75.4557,84.06,overcast clouds,0.0,0.0,46,100,5.01,US,2021-07-24 19:53:47
312,White Rock,49.0164,-122.8026,82.94,clear sky,0.0,0.0,62,8,5.01,CA,2021-07-24 19:53:47
313,Auki,-8.7676,160.7034,77.43,overcast clouds,0.0,0.0,86,98,4.54,SB,2021-07-24 19:53:47
314,Maragogi,-9.0122,-35.2225,74.89,clear sky,0.0,0.0,77,0,9.15,BR,2021-07-24 19:53:48
315,Candolim,15.5181,73.7626,80.6,broken clouds,0.0,0.0,94,75,10.36,IN,2021-07-24 19:53:48
316,Wainwright,52.839,-110.8572,74.48,few clouds,0.0,0.0,26,18,16.11,CA,2021-07-24 19:53:49
317,Pasighat,28.0667,95.3333,78.26,overcast clouds,0.0,0.0,96,100,2.35,IN,2021-07-24 19:53:49
318,Kavaratti,10.5669,72.642,82.22,broken clouds,0.0,0.0,79,62,18.43,IN,2021-07-24 19:50:05
319,Goundam,16.4145,-3.6708,88.25,overcast clouds,0.0,0.0,52,90,9.71,ML,2021-07-24 19:53:50
320,Chok Chai,14.7284,102.1652,77.81,overcast clouds,0.0,0.0,100,100,12.75,TH,2021-07-24 19:53:50
321,Shelburne,44.0787,-80.2041,67.77,light rain,0.65,0.65,97,100,15.12,CA,2021-07-24 19:53:50
322,Denpasar,-8.65,115.2167,76.66,broken clouds,0.0,0.0,88,75,3.44,ID,2021-07-24 19:53:51
323,Jumla,29.2747,82.1838,62.64,light rain,0.24,0.24,94,96,1.25,NP,2021-07-24 19:53:51
324,Carnarvon,-24.8667,113.6333,60.87,overcast clouds,0.0,0.0,72,100,10.36,AU,2021-07-24 19:53:52
325,Holme,56.1138,10.1725,71.17,broken clouds,0.0,0.0,79,72,8.77,DK,2021-07-24 19:53:52
326,Dinar,38.065,30.1656,67.96,scattered clouds,0.0,0.0,38,43,6.89,TR,2021-07-24 19:53:53
327,Turukhansk,65.8167,87.9833,64.54,clear sky,0.0,0.0,75,1,9.89,RU,2021-07-24 19:53:53
328,Paka,4.6374,103.4368,80.53,overcast clouds,0.0,0.0,94,100,0.0,MY,2021-07-24 19:53:54
329,Mersing,2.4312,103.8405,78.71,broken clouds,0.0,0.0,89,57,3.44,MY,2021-07-24 19:53:54
330,Nekrasovskaya,45.1447,39.7487,74.68,scattered clouds,0.0,0.0,47,27,8.7,RU,2021-07-24 19:53:54
331,Djibo,14.1022,-1.6306,88.03,overcast clouds,0.0,0.0,48,100,5.7,BF,2021-07-24 19:53:55
332,Saint-Francois,46.4154,3.9054,67.44,broken clouds,0.0,0.0,82,75,2.3,FR,2021-07-24 19:53:55
333,Oktyabrskiy,54.4815,53.471,58.24,overcast clouds,0.0,0.0,86,100,4.32,RU,2021-07-24 19:53:56
334,Quatre Cocos,-20.2078,57.7625,69.91,scattered clouds,0.0,0.0,80,26,9.95,MU,2021-07-24 19:53:56
335,Kathu,7.9178,98.3332,86.7,light rain,1.0,1.0,71,99,13.42,TH,2021-07-24 19:53:57
336,Port Macquarie,-31.4333,152.9167,57.88,clear sky,0.0,0.0,70,1,9.78,AU,2021-07-24 19:53:57
337,Gondanglegi,-7.7479,112.0132,71.38,clear sky,0.0,0.0,88,5,10.11,ID,2021-07-24 19:53:57
338,North Bend,43.4065,-124.2243,69.17,broken clouds,0.0,0.0,79,75,23.02,US,2021-07-24 19:53:58
339,Enshi,30.3,109.4833,69.98,few clouds,0.0,0.0,96,24,1.23,CN,2021-07-24 19:53:58
340,Roald,62.5833,6.1333,64.45,overcast clouds,0.0,0.0,94,90,4.61,NO,2021-07-24 19:53:58
341,Maryville,35.7565,-83.9705,95.07,clear sky,0.0,0.0,56,10,1.99,US,2021-07-24 19:53:32
342,Duncan,34.5023,-97.9578,96.06,clear sky,0.0,0.0,56,1,9.22,US,2021-07-24 19:53:59
343,Panalingaan,8.7842,117.4231,79.74,overcast clouds,0.0,0.0,88,100,7.54,PH,2021-07-24 19:53:59
344,Cordoba,-31.4135,-64.1811,77.76,clear sky,0.0,0.0,31,0,1.01,AR,2021-07-24 19:49:18
345,Ken Caryl,39.5773,-105.1169,87.84,scattered clouds,0.0,0.0,40,42,3.0,US,2021-07-24 19:54:00
346,Ugoofaaru,5.6667,73.0,82.29,broken clouds,0.0,0.0,74,74,5.73,MV,2021-07-24 19:54:00
347,Havre-Saint-Pierre,50.2334,-63.5986,66.56,clear sky,0.0,0.0,59,1,6.91,CA,2021-07-24 19:54:01
348,Baeza,37.9938,-3.471,82.26,clear sky,0.0,0.0,15,2,7.56,ES,2021-07-24 19:54:01
349,Sao Gabriel Da Cachoeira,-0.1303,-67.0892,85.8,scattered clouds,0.0,0.0,70,40,4.61,BR,2021-07-24 19:54:02
350,Conway,35.0887,-92.4421,96.1,clear sky,0.0,0.0,58,1,8.05,US,2021-07-24 19:50:19
351,Nabire,-3.3667,135.4833,73.02,overcast clouds,0.0,0.0,95,100,3.53,ID,2021-07-24 19:54:03
352,Candelaria,13.9311,121.4233,78.39,light rain,0.49,0.49,90,100,6.76,PH,2021-07-24 19:54:03
353,San Martin,-33.081,-68.4681,59.54,clear sky,0.0,0.0,34,4,4.07,AR,2021-07-24 19:54:03
354,Sao Joao Da Barra,-21.6403,-41.0511,77.09,clear sky,0.0,0.0,63,0,12.66,BR,2021-07-24 19:46:50
355,Silver City,32.7701,-108.2803,66.16,moderate rain,2.37,2.37,77,90,4.61,US,2021-07-24 19:54:04
356,Tabou,4.423,-7.3528,76.33,overcast clouds,0.0,0.0,69,97,4.47,CI,2021-07-24 19:54:04
357,Antalaha,-14.9003,50.2788,66.51,overcast clouds,0.0,0.0,80,89,7.92,MG,2021-07-24 19:54:05
358,Meulaboh,4.1363,96.1285,76.68,overcast clouds,0.0,0.0,87,100,4.03,ID,2021-07-24 19:49:25
359,Kaitangata,-46.2817,169.8464,41.94,broken clouds,0.0,0.0,52,84,4.83,NZ,2021-07-24 19:54:05
360,Margate,51.3813,1.3862,67.71,overcast clouds,0.0,0.0,83,100,1.99,GB,2021-07-24 19:54:06
361,Sao Jose Da Coroa Grande,-8.8978,-35.1478,75.56,clear sky,0.0,0.0,75,0,10.07,BR,2021-07-24 19:54:06
362,Zyryanka,65.75,150.85,63.73,overcast clouds,0.0,0.0,57,100,1.61,RU,2021-07-24 19:54:07
363,Manado,1.487,124.8455,77.77,scattered clouds,0.0,0.0,83,40,2.3,ID,2021-07-24 19:54:07
364,Tendukheda,23.4,79.55,75.04,overcast clouds,0.0,0.0,97,100,11.92,IN,2021-07-24 19:54:07
365,Kuantan,3.8077,103.326,78.91,light rain,0.36,0.36,100,100,0.0,MY,2021-07-24 19:54:08
366,Vrises,35.492,23.8899,77.2,clear sky,0.0,0.0,59,0,3.53,GR,2021-07-24 19:54:08
367,Sabang,5.8933,95.3214,83.25,overcast clouds,0.0,0.0,75,100,19.24,ID,2021-07-24 19:54:09
368,Coos Bay,43.3665,-124.2179,88.86,broken clouds,0.0,0.0,79,75,23.02,US,2021-07-24 19:54:09
369,Emerald,-23.5333,148.1667,53.74,clear sky,0.0,0.0,57,0,5.75,AU,2021-07-24 19:54:09
370,Bathurst,-33.4166,149.5806,38.97,overcast clouds,0.0,0.0,83,100,7.0,AU,2021-07-24 19:54:10
371,Deputatskiy,69.3,139.9,46.78,scattered clouds,0.0,0.0,67,25,5.17,RU,2021-07-24 19:54:10
372,Mason,39.3601,-84.3099,90.05,clear sky,0.0,0.0,56,1,1.99,US,2021-07-24 19:54:11
373,Viedma,-40.8135,-62.9967,50.49,overcast clouds,0.0,0.0,41,100,11.03,AR,2021-07-24 19:54:11
374,Mareeba,-17.0,145.4333,61.52,scattered clouds,0.0,0.0,91,44,2.35,AU,2021-07-24 19:54:12
375,Muzhi,65.3667,64.6667,56.37,overcast clouds,0.0,0.0,80,100,7.61,RU,2021-07-24 19:54:12
376,Limoux,42.9167,2.1667,72.1,overcast clouds,0.0,0.0,45,91,6.17,FR,2021-07-24 19:54:12
377,San Cristobal,7.7669,-72.225,82.58,overcast clouds,0.0,0.0,65,100,5.61,VE,2021-07-24 19:54:13
378,Usolye-Sibirskoye,52.7519,103.6453,55.2,clear sky,0.0,0.0,88,5,1.28,RU,2021-07-24 19:54:13
379,Polillo,14.7122,121.9392,82.31,overcast clouds,0.0,0.0,80,100,17.6,PH,2021-07-24 19:54:14
380,Erenhot,43.6475,111.9767,64.63,moderate rain,1.54,1.54,86,100,23.09,CN,2021-07-24 19:54:14
381,Kavieng,-2.5744,150.7967,81.7,few clouds,0.0,0.0,77,14,10.27,PG,2021-07-24 19:54:14
382,Belyy Yar,53.6039,91.3903,67.89,clear sky,0.0,0.0,100,0,4.47,RU,2021-07-24 19:54:15
383,Boyolangu,-8.1181,111.8935,71.15,scattered clouds,0.0,0.0,91,45,2.8,ID,2021-07-24 19:54:15
384,Ewo,-0.8725,14.8206,82.98,overcast clouds,0.0,0.0,44,100,4.34,CG,2021-07-24 19:54:15
385,Port-Gentil,-0.7193,8.7815,76.96,overcast clouds,0.0,0.0,78,90,6.91,GA,2021-07-24 19:54:16
386,Sechura,-5.5569,-80.8222,72.23,clear sky,0.0,0.0,66,9,17.96,PE,2021-07-24 19:54:16
387,Mustafabad,30.8922,73.4989,94.14,scattered clouds,0.0,0.0,48,40,6.02,PK,2021-07-24 19:54:17
388,Berezovo,63.9381,65.0419,54.95,overcast clouds,0.0,0.0,90,100,9.62,RU,2021-07-24 19:54:17
389,Estevan,49.1334,-102.9842,82.74,clear sky,0.0,0.0,28,1,11.5,CA,2021-07-24 19:54:17
390,Nagapattinam,10.7667,79.8333,83.82,overcast clouds,0.0,0.0,73,100,14.05,IN,2021-07-24 19:54:18
391,Charters Towers,-20.1,146.2667,55.42,few clouds,0.0,0.0,53,22,10.56,AU,2021-07-24 19:54:18
392,Kikwit,-5.041,18.8162,79.68,clear sky,0.0,0.0,26,5,2.1,CD,2021-07-24 19:54:19
393,Puri,19.8,85.85,86.38,overcast clouds,0.0,0.0,82,100,11.34,IN,2021-07-24 19:54:19
394,Busembatia,0.7697,33.6131,69.31,overcast clouds,0.0,0.0,63,100,4.38,UG,2021-07-24 19:54:19
395,Russell,32.3502,-85.1999,91.11,clear sky,0.0,0.0,49,1,4.61,US,2021-07-24 19:54:20
396,Guacimo,10.2104,-83.6807,83.01,overcast clouds,0.0,0.0,97,99,2.08,CR,2021-07-24 19:54:20
397,Jabinyanah,35.035,10.9081,85.8,clear sky,0.0,0.0,61,0,13.06,TN,2021-07-24 19:54:21
398,Sivas,39.7916,37.0019,54.66,clear sky,0.0,0.0,88,0,4.61,TR,2021-07-24 19:54:21
399,Abu Samrah,35.3029,37.1841,79.65,scattered clouds,0.0,0.0,58,39,11.1,SY,2021-07-24 19:54:21
400,Gambela,8.25,34.5833,70.23,overcast clouds,0.0,0.0,93,100,2.44,ET,2021-07-24 19:54:22
401,Tortoli,39.9256,9.6572,81.82,clear sky,0.0,0.0,78,0,18.41,IT,2021-07-24 19:54:22
402,Bera,24.0833,89.6167,79.84,broken clouds,0.0,0.0,94,70,7.47,BD,2021-07-24 19:54:23
403,Warangal,18.0,79.5833,78.62,overcast clouds,0.0,0.0,79,100,11.43,IN,2021-07-24 19:54:23
404,Sisimiut,66.9395,-53.6735,40.28,overcast clouds,0.0,0.0,94,100,6.02,GL,2021-07-24 19:54:23
405,Amuntai,-2.4177,115.2494,72.05,few clouds,0.0,0.0,97,22,0.96,ID,2021-07-24 19:54:24
406,Itarema,-2.9248,-39.9167,80.87,scattered clouds,0.0,0.0,66,41,16.55,BR,2021-07-24 19:47:14
407,Uyar,55.81,94.3153,56.91,scattered clouds,0.0,0.0,83,28,5.66,RU,2021-07-24 19:54:24
408,Stromness,58.965,-3.296,57.45,clear sky,0.0,0.0,90,8,16.91,GB,2021-07-24 19:53:16
409,Xichang,27.8964,102.2634,63.61,clear sky,0.0,0.0,92,5,1.99,CN,2021-07-24 19:54:25
410,Santa Vitoria Do Palmar,-33.5189,-53.3681,60.17,broken clouds,0.0,0.0,79,73,5.73,BR,2021-07-24 19:54:25
411,Bathsheba,13.2167,-59.5167,86.61,few clouds,0.0,0.0,70,20,14.97,BB,2021-07-24 19:54:26
412,Bayeux,-7.125,-34.9322,81.23,few clouds,0.0,0.0,65,20,13.8,BR,2021-07-24 19:54:26
413,Los Llanos De Aridane,28.6585,-17.9182,69.55,few clouds,0.0,0.0,92,20,16.11,ES,2021-07-24 19:54:26
414,Singaraja,-8.112,115.0882,75.24,clear sky,0.0,0.0,78,0,2.84,ID,2021-07-24 19:54:27
415,Alta Floresta,-9.8756,-56.0861,96.62,few clouds,0.0,0.0,28,20,4.61,BR,2021-07-24 19:54:27
416,Miraflores,19.2167,-98.8083,74.03,broken clouds,0.0,0.0,41,65,2.39,MX,2021-07-24 19:54:27
417,Matara,5.9485,80.5353,77.11,overcast clouds,0.0,0.0,92,98,7.2,LK,2021-07-24 19:54:28
418,Bandar-E Lengeh,26.5579,54.8807,93.99,overcast clouds,0.0,0.0,51,91,11.61,IR,2021-07-24 19:54:28
419,Nemuro,43.3236,145.575,61.61,overcast clouds,0.0,0.0,98,100,8.5,JP,2021-07-24 19:54:29
420,Newcastleton,55.1796,-2.8127,61.74,scattered clouds,0.0,0.0,88,33,4.7,GB,2021-07-24 19:54:29
421,Semey,50.4111,80.2275,72.75,clear sky,0.0,0.0,55,0,5.59,KZ,2021-07-24 19:54:30
422,Rochegda,62.8,43.25,49.33,overcast clouds,0.0,0.0,68,98,4.63,RU,2021-07-24 19:54:30
423,Deoranian,28.6333,79.4833,83.1,few clouds,0.0,0.0,79,17,5.46,IN,2021-07-24 19:54:30
424,Menges,46.1669,14.575,73.99,scattered clouds,0.0,0.0,63,40,2.3,SI,2021-07-24 19:54:31
425,Rundu,-17.9333,19.7667,56.44,clear sky,0.0,0.0,33,0,7.02,NA,2021-07-24 19:54:31
426,Nanortalik,60.1432,-45.2371,43.5,overcast clouds,0.0,0.0,97,100,12.95,GL,2021-07-24 19:54:31
427,Saint-Pierre,-21.3393,55.4781,67.68,few clouds,0.0,0.0,70,20,5.75,RE,2021-07-24 19:54:32
428,Pacasmayo,-7.4006,-79.5714,68.59,few clouds,0.0,0.0,73,23,13.42,PE,2021-07-24 19:54:32
429,Axim,4.8699,-2.2405,75.25,scattered clouds,0.0,0.0,80,36,6.55,GH,2021-07-24 19:54:33
430,Coahuayana,18.7333,-103.6833,89.47,scattered clouds,0.0,0.0,62,37,6.04,MX,2021-07-24 19:54:33
431,Yaring,6.8662,101.3689,78.93,overcast clouds,0.0,0.0,86,100,6.44,TH,2021-07-24 19:54:33
432,Buala,-8.145,159.5921,79.81,light rain,0.93,0.93,84,88,8.79,SB,2021-07-24 19:54:34
433,Juegang,32.3174,121.1855,78.53,light rain,0.87,0.87,89,100,27.27,CN,2021-07-24 19:54:34
434,Bara,10.3744,10.7288,73.94,moderate rain,1.18,1.18,90,40,5.46,NG,2021-07-24 19:54:34
435,Kangaatsiaq,68.3065,-53.4641,39.87,scattered clouds,0.0,0.0,91,42,13.44,GL,2021-07-24 19:54:35
436,Santa Cruz Do Rio Pardo,-22.8989,-49.6325,78.39,clear sky,0.0,0.0,30,0,4.47,BR,2021-07-24 19:54:35
437,Shiraz,29.6036,52.5388,74.64,scattered clouds,0.0,0.0,53,40,9.22,IR,2021-07-24 19:51:39
438,Chegdomyn,51.1167,133.0167,68.52,overcast clouds,0.0,0.0,75,100,3.24,RU,2021-07-24 19:54:36
439,Mandurah,-32.55,115.7,55.22,overcast clouds,0.0,0.0,69,100,16.53,AU,2021-07-24 19:54:36
440,Tukrah,32.5341,20.5791,78.69,clear sky,0.0,0.0,74,0,10.92,LY,2021-07-24 19:54:37
441,Sakaiminato,35.55,133.2333,75.18,broken clouds,0.0,0.0,83,75,4.61,JP,2021-07-24 19:54:37
442,Alyangula,-13.8483,136.4192,67.87,scattered clouds,0.0,0.0,100,40,0.0,AU,2021-07-24 19:54:38
443,Pochutla,15.7432,-96.4661,88.84,overcast clouds,0.0,0.0,53,100,6.22,MX,2021-07-24 19:54:38
444,Olinda,-8.0089,-34.8553,74.93,scattered clouds,0.0,0.0,69,40,13.8,BR,2021-07-24 19:54:38
445,Cap-Aux-Meules,47.3821,-61.8597,62.65,broken clouds,0.0,0.0,67,75,11.5,CA,2021-07-24 19:50:02
446,Inirida,3.8653,-67.9239,76.75,light rain,0.42,0.42,93,100,2.1,CO,2021-07-24 19:54:39
447,Trelew,-43.249,-65.3051,51.44,overcast clouds,0.0,0.0,31,99,16.6,AR,2021-07-24 19:54:39
448,Dubbo,-32.25,148.6167,42.93,overcast clouds,0.0,0.0,93,99,11.5,AU,2021-07-24 19:54:40
449,Leh,34.1667,77.5833,70.11,overcast clouds,0.0,0.0,39,100,6.93,IN,2021-07-24 19:54:40
450,Buta,2.7858,24.73,70.23,light rain,0.35,0.35,97,73,1.28,CD,2021-07-24 19:54:40
451,Asyut,27.181,31.1837,87.98,clear sky,0.0,0.0,25,0,9.13,EG,2021-07-24 19:54:41
452,Pangai,-19.8,-174.35,78.1,light rain,0.2,0.2,79,0,3.8,TO,2021-07-24 19:54:41
453,Potsdam,52.3989,13.0657,80.1,overcast clouds,0.0,0.0,67,86,8.95,DE,2021-07-24 19:50:39
454,Tayu,-6.5397,111.0518,73.98,clear sky,0.0,0.0,82,2,8.32,ID,2021-07-24 19:54:42
455,Tommot,58.9564,126.2925,59.45,overcast clouds,0.0,0.0,98,100,1.79,RU,2021-07-24 19:50:00
456,Richards Bay,-28.783,32.0377,55.18,few clouds,0.0,0.0,77,19,4.03,ZA,2021-07-24 19:49:21
457,Merauke,-8.4667,140.3333,76.24,moderate rain,3.65,3.65,87,88,8.34,ID,2021-07-24 19:54:43
458,Arrecife,28.963,-13.5477,75.27,few clouds,0.0,0.0,78,20,18.41,ES,2021-07-24 19:54:43
459,Douglas,41.3,-96.167,92.32,scattered clouds,0.0,0.0,65,40,1.99,US,2021-07-24 19:54:17
460,Manzhouli,49.6,117.4333,55.13,clear sky,0.0,0.0,95,5,8.3,CN,2021-07-24 19:54:44
461,Anshun,26.25,105.9333,65.3,moderate rain,1.33,1.33,93,100,6.42,CN,2021-07-24 19:54:44
462,Geretsried,47.8578,11.4805,65.86,light rain,0.87,0.87,93,100,1.01,DE,2021-07-24 19:54:44
463,Lakhdenpokhya,61.5198,30.1992,59.83,overcast clouds,0.0,0.0,56,100,8.41,RU,2021-07-24 19:54:45
464,Belmonte,-15.8631,-38.8828,78.8,overcast clouds,0.0,0.0,64,86,10.78,BR,2021-07-24 19:54:45
465,Ust-Omchug,61.15,149.6333,59.56,overcast clouds,0.0,0.0,84,100,7.52,RU,2021-07-24 19:54:46
466,Shimoda,34.6667,138.95,75.85,clear sky,0.0,0.0,85,2,8.55,JP,2021-07-24 19:54:46
467,Beian,63.6559,9.5683,62.92,clear sky,0.0,0.0,94,0,3.44,NO,2021-07-24 19:54:46
468,Taltal,-25.4,-70.4833,60.85,few clouds,0.0,0.0,68,19,7.18,CL,2021-07-24 19:50:20
469,Port Hardy,50.6996,-127.4199,62.78,fog,0.0,0.0,88,90,4.61,CA,2021-07-24 19:54:47
470,Kabalo,-6.05,26.9167,80.26,scattered clouds,0.0,0.0,31,25,4.76,CD,2021-07-24 19:54:47
471,Rio Cuarto,-33.1307,-64.3499,58.84,clear sky,0.0,0.0,47,0,11.5,AR,2021-07-24 19:50:17
472,Sombreffe,50.5286,4.5984,65.03,few clouds,0.0,0.0,94,20,4.61,BE,2021-07-24 19:54:48
473,Ushtobe,45.2514,77.9838,76.71,clear sky,0.0,0.0,30,0,8.01,KZ,2021-07-24 19:54:48
474,Kuusamo,65.9667,29.1833,57.24,clear sky,0.0,0.0,62,0,4.61,FI,2021-07-24 19:54:49
475,Abong Mbang,3.9833,13.1833,68.47,scattered clouds,0.0,0.0,94,42,3.22,CM,2021-07-24 19:54:49
476,Taksimo,56.3444,114.8794,60.33,overcast clouds,0.0,0.0,74,100,4.14,RU,2021-07-24 19:54:49
477,Bonoua,5.2741,-3.595,78.42,broken clouds,0.0,0.0,81,73,5.3,CI,2021-07-24 19:54:50
478,Togur,58.3631,82.8265,61.99,clear sky,0.0,0.0,72,3,3.6,RU,2021-07-24 19:54:50
479,Miyakonojo,31.7333,131.0667,76.44,overcast clouds,0.0,0.0,96,100,6.58,JP,2021-07-24 19:54:50
480,Kirkwood,38.5834,-90.4068,96.76,scattered clouds,0.0,0.0,57,25,3.0,US,2021-07-24 19:54:51
481,Wum,6.3833,10.0667,65.17,light rain,0.69,0.69,96,100,1.81,CM,2021-07-24 19:54:51
482,Dalmatovo,56.26,62.9362,60.01,overcast clouds,0.0,0.0,89,100,2.35,RU,2021-07-24 19:54:52
483,Lady Frere,-31.7031,27.2329,40.86,clear sky,0.0,0.0,31,0,5.53,ZA,2021-07-24 19:54:52
484,Bilma,18.6853,12.9164,89.44,overcast clouds,0.0,0.0,41,100,4.74,NE,2021-07-24 19:54:52
485,Havelock,34.8791,-76.9013,85.93,clear sky,0.0,0.0,58,0,5.01,US,2021-07-24 19:54:53
486,Bilibino,68.0546,166.4372,52.52,few clouds,0.0,0.0,63,12,1.32,RU,2021-07-24 19:54:53
487,Half Moon Bay,37.4636,-122.4286,92.59,few clouds,0.0,0.0,64,20,1.01,US,2021-07-24 19:54:53
488,Anloga,5.7947,0.8973,77.22,scattered clouds,0.0,0.0,78,35,11.83,GH,2021-07-24 19:54:54
489,Kenai,60.5544,-151.2583,62.02,overcast clouds,0.0,0.0,92,90,11.5,US,2021-07-24 19:53:00
490,Ulety,51.3572,112.4849,56.62,broken clouds,0.0,0.0,84,61,2.04,RU,2021-07-24 19:54:54
491,Kiruna,67.8557,20.2251,54.52,overcast clouds,0.0,0.0,76,90,3.44,SE,2021-07-24 19:54:55
492,Lata,40.1629,-8.3327,68.41,scattered clouds,0.0,0.0,84,30,4.61,PT,2021-07-24 19:47:26
493,Pangkalanbuun,-2.6833,111.6167,72.37,few clouds,0.0,0.0,96,18,2.28,ID,2021-07-24 19:54:56
494,Isangel,-19.55,169.2667,75.97,clear sky,0.0,0.0,84,7,3.89,VU,2021-07-24 19:49:57
495,Kutum,14.2,24.6667,78.67,overcast clouds,0.0,0.0,54,98,5.82,SD,2021-07-24 19:54:56
496,El Alto,-4.2714,-81.2147,73.06,scattered clouds,0.0,0.0,79,34,15.19,PE,2021-07-24 19:54:57
497,Luau,-10.7073,22.2247,67.28,clear sky,0.0,0.0,35,2,4.81,AO,2021-07-24 19:54:57
498,Black River,18.0264,-77.8487,87.8,broken clouds,0.0,0.0,59,68,5.61,JM,2021-07-24 19:54:57
499,Coihaique,-45.5752,-72.0662,39.81,clear sky,0.0,0.0,75,0,0.0,CL,2021-07-24 19:54:58
500,Matay,28.419,30.7792,84.18,clear sky,0.0,0.0,42,0,16.08,EG,2021-07-24 19:54:58
501,Vao,-22.6667,167.4833,71.46,clear sky,0.0,0.0,83,2,6.53,NC,2021-07-24 19:54:58
502,Hervey Bay,-25.2986,152.8535,58.03,clear sky,0.0,0.0,55,1,10.2,AU,2021-07-24 19:54:59
503,Odweyne,9.4092,45.064,72.63,overcast clouds,0.0,0.0,51,97,20.65,SO,2021-07-24 19:54:59
504,Newport,51.5877,-2.9984,68.18,overcast clouds,0.0,0.0,78,100,9.55,GB,2021-07-24 19:50:14
505,Mezen,65.8522,44.24,46.89,overcast clouds,0.0,0.0,92,100,8.28,RU,2021-07-24 19:55:00
506,Kosino,58.4127,51.2782,46.09,scattered clouds,0.0,0.0,68,27,5.97,RU,2021-07-24 19:55:00
507,Yuanping,38.7153,112.7575,68.79,clear sky,0.0,0.0,87,9,0.89,CN,2021-07-24 19:55:01
508,Kolondieba,11.0882,-6.8926,77.14,overcast clouds,0.0,0.0,78,90,4.14,ML,2021-07-24 19:55:01
509,Suicheng,33.8963,117.9331,73.72,overcast clouds,0.0,0.0,97,99,6.38,CN,2021-07-24 19:55:01
510,Biak,-0.9131,122.8766,73.72,overcast clouds,0.0,0.0,76,99,6.8,ID,2021-07-24 19:55:02
511,Homorod,46.05,25.2667,66.0,scattered clouds,0.0,0.0,69,33,3.51,RO,2021-07-24 19:55:02
512,Astoria,46.1879,-123.8313,84.97,clear sky,0.0,0.0,78,5,4.0,US,2021-07-24 19:55:02
513,Carballo,43.213,-8.691,67.42,scattered clouds,0.0,0.0,86,41,3.58,ES,2021-07-24 19:55:04
514,Borogontsy,62.6683,131.1683,57.79,scattered clouds,0.0,0.0,99,42,3.89,RU,2021-07-24 19:55:05
515,Loubomo,-4.1997,12.6739,70.39,few clouds,0.0,0.0,77,14,7.94,CG,2021-07-24 19:55:05
516,Campbell River,50.0163,-125.2446,75.92,broken clouds,0.0,0.0,52,75,1.01,CA,2021-07-24 19:55:05
517,Mocuba,-16.8392,36.9856,59.13,scattered clouds,0.0,0.0,79,40,4.83,MZ,2021-07-24 19:55:06
518,Vardo,70.3705,31.1107,46.11,overcast clouds,0.0,0.0,83,100,27.72,NO,2021-07-24 19:55:06
519,Mahuva,21.0914,71.7622,82.33,overcast clouds,0.0,0.0,80,100,13.98,IN,2021-07-24 19:55:07
520,Talara,-4.5772,-81.2719,75.96,few clouds,0.0,0.0,64,20,13.8,PE,2021-07-24 19:55:07
521,Resistencia,-27.4606,-58.9839,91.09,clear sky,0.0,0.0,34,0,17.27,AR,2021-07-24 19:53:11
522,Colombo,6.9319,79.8478,78.75,overcast clouds,0.0,0.0,87,89,9.31,LK,2021-07-24 19:55:07
523,Ucluelet,48.9329,-125.5528,82.04,clear sky,0.0,0.0,83,9,3.0,CA,2021-07-24 19:55:05
524,Yinchuan,38.4681,106.2731,75.83,clear sky,0.0,0.0,63,3,9.66,CN,2021-07-24 19:55:08
525,Okha,53.5739,142.9478,61.84,overcast clouds,0.0,0.0,99,94,9.75,RU,2021-07-24 19:55:08
526,Ambulu,-8.345,113.6058,69.85,clear sky,0.0,0.0,90,2,3.98,ID,2021-07-24 19:55:09
527,Muros,42.7762,-9.0603,68.5,scattered clouds,0.0,0.0,93,49,1.86,ES,2021-07-24 19:55:09
528,Port Augusta,-32.5,137.7667,48.7,few clouds,0.0,0.0,83,17,6.96,AU,2021-07-24 19:55:10
529,Bonavista,48.6499,-53.1147,68.0,broken clouds,0.0,0.0,80,68,9.17,CA,2021-07-24 19:55:10
530,Sena Madureira,-9.0656,-68.6569,97.54,clear sky,0.0,0.0,25,2,1.63,BR,2021-07-24 19:55:10
531,Upington,-28.4478,21.2561,48.58,clear sky,0.0,0.0,29,0,5.75,ZA,2021-07-24 19:55:11
532,San Policarpo,12.1791,125.5072,80.73,broken clouds,0.0,0.0,77,73,10.42,PH,2021-07-24 19:55:11
533,Togul,53.465,85.9128,61.43,few clouds,0.0,0.0,96,14,3.94,RU,2021-07-24 19:55:11
534,Dunedin,-45.8742,170.5036,45.81,overcast clouds,0.0,0.0,57,91,17.0,NZ,2021-07-24 19:54:35
535,Caucasia,7.9865,-75.1935,83.46,overcast clouds,0.0,0.0,72,100,3.87,CO,2021-07-24 19:55:12
536,Chapais,49.7834,-74.8492,78.58,overcast clouds,0.0,0.0,32,100,13.27,CA,2021-07-24 19:55:12
537,Manta,-0.95,-80.7333,76.78,overcast clouds,0.0,0.0,78,90,8.05,EC,2021-07-24 19:54:34
538,Guymon,36.6828,-101.4816,96.75,clear sky,0.0,0.0,22,0,7.05,US,2021-07-24 19:55:13
539,Dryden,49.7833,-92.7503,80.89,scattered clouds,0.0,0.0,34,40,25.32,CA,2021-07-24 19:55:13
540,La Tijera,19.9,-104.4,72.63,scattered clouds,0.0,0.0,65,46,4.88,MX,2021-07-24 19:55:14
541,Bandarbeyla,9.4942,50.8122,77.7,few clouds,0.0,0.0,73,11,28.79,SO,2021-07-24 19:55:14
542,Prince Albert,53.2001,-105.7677,75.15,few clouds,0.0,0.0,43,20,18.41,CA,2021-07-24 19:55:15
543,Anadyr,64.75,177.4833,55.9,light rain,0.86,0.86,100,90,5.99,RU,2021-07-24 19:55:15
544,Mananjary,-21.2167,48.3333,65.03,light rain,0.46,0.46,87,100,11.16,MG,2021-07-24 19:55:15
545,Awbari,26.5921,12.7805,85.71,clear sky,0.0,0.0,17,0,7.49,LY,2021-07-24 19:55:16
546,Maine-Soroa,13.2114,12.0241,83.59,clear sky,0.0,0.0,56,8,11.7,NE,2021-07-24 19:55:16
547,Santa Lucia,27.9117,-15.5407,66.76,few clouds,0.0,0.0,73,20,23.02,ES,2021-07-24 19:55:16
548,Jutiapa,14.2833,-89.9,82.89,overcast clouds,0.0,0.0,52,94,7.36,GT,2021-07-24 19:55:17
549,Moulins,46.5,3.3333,68.29,scattered clouds,0.0,0.0,88,39,3.29,FR,2021-07-24 19:55:17
550,Tsiroanomandidy,-18.7667,46.0333,65.71,overcast clouds,0.0,0.0,47,100,0.87,MG,2021-07-24 19:55:18
551,Korla,41.7597,86.1469,88.72,scattered clouds,0.0,0.0,20,29,5.64,CN,2021-07-24 19:55:18
552,Farmington,36.7281,-108.2187,84.88,broken clouds,0.0,0.0,34,75,3.44,US,2021-07-24 19:55:18
553,Koslan,63.4564,48.8989,45.9,overcast clouds,0.0,0.0,98,100,6.02,RU,2021-07-24 19:55:19
554,Mandalgovi,45.7625,106.2708,63.99,overcast clouds,0.0,0.0,75,88,6.46,MN,2021-07-24 19:55:19
555,Gobabis,-22.45,18.9667,46.96,clear sky,0.0,0.0,30,0,11.61,NA,2021-07-24 19:51:32
556,Fomboni,-12.28,43.7425,75.94,light rain,0.1,0.1,72,48,25.81,KM,2021-07-24 19:55:20
557,Banda Aceh,5.5577,95.3222,80.51,overcast clouds,0.0,0.0,73,100,11.95,ID,2021-07-24 19:49:52
558,Knysna,-34.0363,23.0471,48.58,scattered clouds,0.0,0.0,43,36,5.19,ZA,2021-07-24 19:55:20
559,Utica,43.1009,-75.2327,82.31,overcast clouds,0.0,0.0,49,100,1.01,US,2021-07-24 19:53:02
560,Waingapu,-9.6567,120.2641,70.84,few clouds,0.0,0.0,76,20,4.32,ID,2021-07-24 19:55:21
561,Kieta,-6.2167,155.6333,78.24,overcast clouds,0.0,0.0,84,100,2.89,PG,2021-07-24 19:49:59
562,Bom Jesus,-9.0744,-44.3586,90.86,clear sky,0.0,0.0,24,5,9.62,BR,2021-07-24 19:55:21
563,Basco,20.4487,121.9702,83.25,overcast clouds,0.0,0.0,87,92,32.06,PH,2021-07-24 19:55:22
564,Marienburg,54.0359,19.0266,69.89,scattered clouds,0.0,0.0,75,27,6.35,PL,2021-07-24 19:55:22
565,Peski,55.2163,38.7626,58.96,broken clouds,0.0,0.0,63,73,4.18,RU,2021-07-24 19:55:22
566,Miyang,24.4042,103.4428,65.89,moderate rain,1.33,1.33,98,100,4.54,CN,2021-07-24 19:55:23
567,Bloemfontein,-29.1211,26.214,33.28,clear sky,0.0,0.0,51,0,2.3,ZA,2021-07-24 19:55:23
568,Villa Florida,-26.3833,-57.15,86.27,scattered clouds,0.0,0.0,33,45,8.19,PY,2021-07-24 19:55:24
569,Gushikawa,26.3544,127.8686,80.19,mist,0.0,0.0,92,90,12.66,JP,2021-07-24 19:55:24
570,Malpe,13.35,74.7167,79.9,scattered clouds,0.0,0.0,88,36,8.84,IN,2021-07-24 19:55:24
571,Zhigansk,66.7697,123.3711,55.78,scattered clouds,0.0,0.0,75,29,14.83,RU,2021-07-24 19:55:25
572,Parabel,58.6978,81.4825,62.31,clear sky,0.0,0.0,72,5,3.85,RU,2021-07-24 19:55:25
573,Westport,41.1415,-73.3579,86.43,few clouds,0.0,0.0,55,22,1.01,US,2021-07-24 19:55:25
574,Comodoro Rivadavia,-45.8667,-67.5,53.46,clear sky,0.0,0.0,47,0,4.61,AR,2021-07-24 19:51:34
575,Grand Gaube,-20.0064,57.6608,70.2,clear sky,0.0,0.0,77,6,1.99,MU,2021-07-24 19:55:26
576,Valladolid,41.5833,-4.6667,73.58,clear sky,0.0,0.0,36,0,7.54,ES,2021-07-24 19:55:26
577,Japura,-0.3167,102.35,77.56,overcast clouds,0.0,0.0,80,97,2.86,ID,2021-07-24 19:55:27
578,Cairns,-16.9167,145.7667,66.15,broken clouds,0.0,0.0,100,76,1.14,AU,2021-07-24 19:50:07
579,San Patricio,28.017,-97.5169,96.89,clear sky,0.0,0.0,36,0,15.03,US,2021-07-24 19:49:58
580,Agapovka,53.2973,59.1348,61.81,clear sky,0.0,0.0,84,3,2.62,RU,2021-07-24 19:55:27
581,Pozo Colorado,-23.4923,-58.7972,95.14,clear sky,0.0,0.0,21,3,10.89,PY,2021-07-24 19:55:28
582,Uige,-7.6087,15.0613,69.4,clear sky,0.0,0.0,29,0,1.28,AO,2021-07-24 19:55:29
583,Dolinsk,47.35,142.8,69.66,overcast clouds,0.0,0.0,94,98,6.76,RU,2021-07-24 19:55:29
584,Salinopolis,-0.6136,-47.3561,80.8,overcast clouds,0.0,0.0,78,99,11.16,BR,2021-07-24 19:49:23
585,Halifax,44.6453,-63.5724,77.41,broken clouds,0.0,0.0,65,66,5.99,CA,2021-07-24 19:51:57
586,Oranjemund,-28.55,16.4333,64.53,few clouds,0.0,0.0,22,23,6.6,NA,2021-07-24 19:55:30
587,Verkhoyansk,67.5447,133.385,62.35,scattered clouds,0.0,0.0,68,49,5.66,RU,2021-07-24 19:55:30
588,Soyo,-6.1349,12.3689,72.12,clear sky,0.0,0.0,88,0,10.69,AO,2021-07-24 19:55:30
589,Pacific Grove,36.6177,-121.9166,84.81,broken clouds,0.0,0.0,84,52,1.01,US,2021-07-24 19:55:31
590,Simao,22.7886,100.9748,65.88,light rain,0.56,0.56,100,100,1.88,CN,2021-07-24 19:55:31
591,Juneau,58.3019,-134.4197,58.84,light rain,0.76,0.76,95,94,1.99,US,2021-07-24 19:55:32
592,Clarence Town,-32.5833,151.7833,56.95,broken clouds,0.0,0.0,61,54,16.51,AU,2021-07-24 19:55:32
593,Geraldton,-28.7667,114.6,54.01,overcast clouds,0.0,0.0,94,90,8.05,AU,2021-07-24 19:55:32
594,Aitape,-3.1374,142.3475,75.24,overcast clouds,0.0,0.0,92,100,2.95,PG,2021-07-24 19:55:33
595,Sorland,67.667,12.6934,52.25,overcast clouds,0.0,0.0,95,100,15.77,NO,2021-07-24 19:55:33
596,Leningradskiy,69.3833,178.4167,37.67,light rain,0.11,0.11,93,100,5.1,RU,2021-07-24 19:55:34
597,Zhanaozen,43.3,52.8,82.04,clear sky,0.0,0.0,52,0,18.28,KZ,2021-07-24 19:55:34
598,Berlevag,70.8578,29.0864,45.07,overcast clouds,0.0,0.0,86,100,26.44,NO,2021-07-24 19:55:34
599,Kodinsk,58.6881,99.1844,62.69,clear sky,0.0,0.0,68,0,2.33,RU,2021-07-24 19:55:35
600,Kupang,-10.1667,123.5833,70.47,clear sky,0.0,0.0,74,8,4.16,ID,2021-07-24 19:55:35
601,Broome,42.2506,-75.833,83.17,broken clouds,0.0,0.0,58,65,1.99,US,2021-07-24 19:55:36
602,Teeli,51.0333,90.2333,59.32,overcast clouds,0.0,0.0,81,100,2.66,RU,2021-07-24 19:55:36
603,Ixtapa,20.7,-105.2,88.23,scattered clouds,0.0,0.0,72,46,5.99,MX,2021-07-24 19:55:37
604,Kirksville,40.1948,-92.5833,91.58,few clouds,0.0,0.0,62,20,10.36,US,2021-07-24 19:51:16
605,Colomi,-17.35,-65.8667,73.42,scattered clouds,0.0,0.0,54,39,7.4,BO,2021-07-24 19:55:37
606,Segou,13.4317,-6.2157,84.54,overcast clouds,0.0,0.0,59,98,12.33,ML,2021-07-24 19:55:38
607,Tasgaon,17.0333,74.6,72.27,overcast clouds,0.0,0.0,91,100,13.11,IN,2021-07-24 19:55:38
608,Nanakuli,21.3906,-158.1547,82.11,overcast clouds,0.0,0.0,78,90,6.91,US,2021-07-24 19:55:39
609,Kermen,42.5,26.25,69.62,few clouds,0.0,0.0,60,20,6.91,BG,2021-07-24 19:55:39
610,Luanda,-8.8368,13.2343,70.38,clear sky,0.0,0.0,88,0,9.89,AO,2021-07-24 19:51:36
611,Kilemary,56.7783,46.8659,47.84,broken clouds,0.0,0.0,62,64,3.09,RU,2021-07-24 19:55:40
612,Luancheng,37.8792,114.6517,77.16,clear sky,0.0,0.0,86,9,1.99,CN,2021-07-24 19:55:40
613,Kuryk,43.2,51.65,82.87,clear sky,0.0,0.0,53,0,16.11,KZ,2021-07-24 19:55:40
614,Saquarema,-22.92,-42.5103,75.34,clear sky,0.0,0.0,72,0,15.1,BR,2021-07-24 19:55:41
615,Mount Holly,35.2982,-81.0159,90.09,scattered clouds,0.0,0.0,66,42,3.0,US,2021-07-24 19:55:41
616,Ankazobe,-18.3167,47.1167,57.61,clear sky,0.0,0.0,87,1,4.61,MG,2021-07-24 19:55:42
617,Dzilam Gonzalez,21.2833,-88.9333,87.96,overcast clouds,0.0,0.0,59,99,9.01,MX,2021-07-24 19:49:59
618,Jian,27.1172,114.9793,75.43,clear sky,0.0,0.0,95,9,6.2,CN,2021-07-24 19:55:42
619,Tazovskiy,67.4667,78.7,48.85,overcast clouds,0.0,0.0,87,100,6.96,RU,2021-07-24 19:55:43
620,Meridian,43.6121,-116.3915,95.79,clear sky,0.0,0.0,21,1,8.05,US,2021-07-24 19:55:43
621,Glazunovka,52.4986,36.3275,58.28,clear sky,0.0,0.0,69,4,3.11,RU,2021-07-24 19:55:43
622,Rio Grande,-32.035,-52.0986,75.31,overcast clouds,0.0,0.0,68,91,4.92,BR,2021-07-24 19:53:16
623,Ranot,7.7777,100.3213,80.98,overcast clouds,0.0,0.0,83,100,10.07,TH,2021-07-24 19:55:44
624,Okhotsk,59.3833,143.3,56.07,overcast clouds,0.0,0.0,94,100,10.4,RU,2021-07-24 19:55:44
625,Andenes,69.3143,16.1194,54.07,drizzle,0.0,0.0,93,90,9.22,NO,2021-07-24 19:55:45
626,Two Rivers,44.1539,-87.5693,86.05,broken clouds,0.0,0.0,65,75,4.0,US,2021-07-24 19:55:45
627,Avera,33.194,-82.5271,91.71,clear sky,0.0,0.0,41,0,5.53,US,2021-07-24 19:50:10
628,Homa Bay,-0.5273,34.4571,71.28,overcast clouds,0.0,0.0,64,100,5.17,KE,2021-07-24 19:55:46
629,Krasnoselkup,65.7,82.4667,56.55,overcast clouds,0.0,0.0,94,90,13.53,RU,2021-07-24 19:55:46
630,Birao,10.2849,22.7882,79.75,overcast clouds,0.0,0.0,66,100,6.62,CF,2021-07-24 19:55:46
631,Udachnyy,66.4167,112.4,60.4,few clouds,0.0,0.0,52,11,7.4,RU,2021-07-24 19:55:47
632,Catamarca,-28.4696,-65.7852,84.49,clear sky,0.0,0.0,23,2,1.57,AR,2021-07-24 19:54:29
633,Mont-De-Marsan,44.0,-0.6667,69.62,clear sky,0.0,0.0,64,0,6.91,FR,2021-07-24 19:55:48
634,Mtimbira,-8.7833,36.35,73.24,overcast clouds,0.0,0.0,48,98,6.91,TZ,2021-07-24 19:55:48
635,Plovdiv,42.15,24.75,73.71,scattered clouds,0.0,0.0,56,40,5.75,BG,2021-07-24 19:55:48
636,Qaqortoq,60.7167,-46.0333,45.84,broken clouds,0.0,0.0,90,84,8.03,GL,2021-07-24 19:55:49
637,Mananara,-16.1667,49.7667,65.5,overcast clouds,0.0,0.0,87,90,6.04,MG,2021-07-24 19:55:49
638,Harper,4.375,-7.7169,76.44,overcast clouds,0.0,0.0,69,99,4.25,LR,2021-07-24 19:55:49
639,Tete,-16.1564,33.5867,65.82,scattered clouds,0.0,0.0,61,29,9.73,MZ,2021-07-24 19:55:50
640,Puerto Del Rosario,28.5004,-13.8627,74.95,few clouds,0.0,0.0,69,20,17.27,ES,2021-07-24 19:55:50
641,Cayenne,4.9333,-52.3333,84.09,clear sky,0.0,0.0,77,0,2.3,GF,2021-07-24 19:55:51
642,Raver,21.25,76.0333,78.67,overcast clouds,0.0,0.0,85,100,13.42,IN,2021-07-24 19:55:51
643,Nicolas Bravo,18.45,-88.9167,87.96,overcast clouds,0.0,0.0,42,100,5.86,MX,2021-07-24 19:55:51
644,Oriximina,-1.7656,-55.8661,85.6,overcast clouds,0.0,0.0,55,100,3.4,BR,2021-07-24 19:55:52
645,Inhuma,-6.6683,-41.7078,87.21,scattered clouds,0.0,0.0,29,27,9.13,BR,2021-07-24 19:55:52
646,Portland,45.5234,-122.6762,89.46,clear sky,0.0,0.0,43,0,5.01,US,2021-07-24 19:53:06
647,San Ramon,37.7799,-121.978,91.09,clear sky,0.0,0.0,36,2,8.01,US,2021-07-24 19:55:13
648,Dolny Kubin,49.2098,19.3034,70.39,scattered clouds,0.0,0.0,75,47,3.8,SK,2021-07-24 19:55:53
649,Nerchinskiy Zavod,51.3088,119.61,52.36,few clouds,0.0,0.0,96,12,3.09,RU,2021-07-24 19:55:53
650,Chicama,-7.8447,-79.1469,66.74,clear sky,0.0,0.0,62,6,10.04,PE,2021-07-24 19:55:54
651,Lokosovo,61.1333,74.8167,57.49,overcast clouds,0.0,0.0,97,99,6.04,RU,2021-07-24 19:55:54
652,Cisnadie,45.7167,24.15,67.75,clear sky,0.0,0.0,69,0,1.14,RO,2021-07-24 19:55:54
653,Bandipur,27.9333,84.4167,69.44,moderate rain,2.45,2.45,97,85,1.66,NP,2021-07-24 19:55:55
654,Kagoro,9.6,8.3833,71.8,broken clouds,0.0,0.0,98,68,1.9,NG,2021-07-24 19:55:55
655,Lhokseumawe,5.1801,97.1507,77.9,overcast clouds,0.0,0.0,86,98,4.81,ID,2021-07-24 19:55:56
656,San Pedro,14.35,121.0167,80.15,thunderstorm,0.0,0.0,92,90,3.44,PH,2021-07-24 19:55:56
657,San Andres,12.5847,-81.7006,86.02,broken clouds,0.0,0.0,74,75,14.97,CO,2021-07-24 19:55:56
658,Maldonado,-34.6667,-54.9167,62.22,overcast clouds,0.0,0.0,85,100,10.16,UY,2021-07-24 19:55:57
659,Zorritos,-3.6805,-80.6782,77.29,scattered clouds,0.0,0.0,79,49,12.66,PE,2021-07-24 19:55:57
660,Beira,-19.8436,34.8389,69.89,light rain,0.15,0.15,64,75,15.99,MZ,2021-07-24 19:55:57
661,Willowmore,-33.2926,23.4895,43.81,clear sky,0.0,0.0,33,4,3.33,ZA,2021-07-24 19:55:58
662,Vero Beach,27.6386,-80.3973,91.06,few clouds,0.0,0.0,71,18,1.99,US,2021-07-24 19:54:14
663,Kungurtug,50.5994,97.5228,57.58,overcast clouds,0.0,0.0,92,100,0.76,RU,2021-07-24 19:55:58
664,Iberia,29.9502,-91.7507,93.11,clear sky,0.0,0.0,61,4,6.71,US,2021-07-24 19:55:59
665,Mbulu,-3.85,35.5333,54.01,clear sky,0.0,0.0,66,2,14.81,TZ,2021-07-24 19:55:59
666,Lamesa,32.7376,-101.951,98.08,clear sky,0.0,0.0,23,6,8.34,US,2021-07-24 19:56:00
667,Seoul,37.5683,126.9778,78.4,scattered clouds,0.0,0.0,86,40,1.14,KR,2021-07-24 19:51:32
668,Palauig,15.435,119.9045,81.39,moderate rain,2.37,2.37,87,100,11.59,PH,2021-07-24 19:56:00
669,Mantua,45.1667,10.7833,84.09,broken clouds,0.0,0.0,75,51,5.01,IT,2021-07-24 19:54:17
670,Nome,64.5011,-165.4064,48.16,overcast clouds,0.0,0.0,94,100,7.72,US,2021-07-24 19:56:02
671,Usinsk,65.9939,57.5281,45.97,overcast clouds,0.0,0.0,81,98,9.71,RU,2021-07-24 19:56:02
672,Sola,-13.8833,167.55,79.99,scattered clouds,0.0,0.0,78,28,11.34,VU,2021-07-24 19:56:03
673,Abu Dhabi,24.4667,54.3667,96.91,clear sky,0.0,0.0,75,3,9.22,AE,2021-07-24 19:56:03
674,Jalu,29.0331,21.5482,84.24,clear sky,0.0,0.0,35,0,15.82,LY,2021-07-24 19:56:04
675,Bereda,43.2686,-7.5406,64.15,few clouds,0.0,0.0,100,21,3.62,ES,2021-07-24 19:56:04
676,Vanavara,60.34,102.2797,62.51,broken clouds,0.0,0.0,77,65,2.73,RU,2021-07-24 19:56:04
677,Gabriel Leyva Solano,25.6667,-108.6417,99.01,scattered clouds,0.0,0.0,47,26,12.8,MX,2021-07-24 19:56:05
678,Tanda,26.55,82.65,83.12,clear sky,0.0,0.0,80,2,13.04,IN,2021-07-24 19:56:05
679,Tiarei,-17.5333,-149.3333,80.62,scattered clouds,0.0,0.0,73,32,10.67,PF,2021-07-24 19:56:06
680,Lasa,46.6166,10.7002,68.74,scattered clouds,0.0,0.0,92,31,4.27,IT,2021-07-24 19:56:06
681,Petropavlovsk-Kamchatskiy,53.0452,158.6483,52.39,fog,0.0,0.0,100,90,2.24,RU,2021-07-24 19:56:07
682,Ishinomaki,38.4167,141.3,73.6,clear sky,0.0,0.0,91,10,2.91,JP,2021-07-24 19:56:07
683,Muisne,0.6,-80.0333,77.94,overcast clouds,0.0,0.0,74,100,11.45,EC,2021-07-24 19:56:08
684,Timizart,36.8,4.2667,86.27,broken clouds,0.0,0.0,35,82,8.03,DZ,2021-07-24 19:56:08
685,Qandala,11.472,49.8728,88.7,broken clouds,0.0,0.0,51,55,14.56,SO,2021-07-24 19:56:09
686,Loja,-3.9931,-79.2042,78.21,clear sky,0.0,0.0,25,0,18.41,EC,2021-07-24 19:56:09
